{"parcelEdgeIDs": [[0, 74, 1, 2, 6, 20], [0, 21, 75], [1, 76, 3], [2, 3, 4, 9, 5], [4, 77, 10, 7], [5, 24, 29, 32, 22, 6], [7, 11, 14, 8], [8, 25, 30, 24, 9], [10, 78, 13, 12], [11, 12, 16, 15], [13, 79, 17], [14, 15, 18, 38, 50, 42, 31, 25], [16, 17, 80, 19], [18, 19, 82, 40], [20, 22, 33, 26, 23, 21], [23, 28, 81], [26, 35, 45, 44, 27], [27, 43, 48, 83, 28], [29, 30, 31, 41, 37, 34], [32, 34, 36, 35, 33], [36, 37, 47, 46, 45], [38, 39, 58, 56, 53], [39, 40, 84, 60, 59], [41, 42, 51, 55, 49, 47], [43, 44, 46, 49, 61, 63, 52], [48, 52, 62, 85], [50, 53, 57, 54, 51], [54, 65, 72, 89, 68, 61, 55], [56, 64, 67, 71, 65, 57], [58, 59, 69, 66, 64], [60, 86, 70, 69], [62, 63, 68, 87], [66, 70, 88, 73, 67], [71, 73, 90, 72]], "ptCoordDict": {"0": [1.97, 1.55], "1": [1.95, 1.9000000000000001], "2": [1.6000000000000001, 1.75], "3": [1.8100000000000001, 2.0], "4": [1.5, 1.5], "5": [1.24, 1.76], "6": [1.1400000000000001, 1.46], "7": [1.4299999999999999, 1.4000000000000001], "8": [1.8900000000000001, 1.4299999999999999], "9": [0.82000000000000006, 1.5800000000000001], "10": [1.01, 1.26], "11": [0.82000000000000006, 1.74], "12": [0.87, 1.26], "13": [0.54000000000000004, 1.52], "14": [0.41000000000000003, 1.72], "15": [0.48999999999999999, 1.1899999999999999], "16": [0.0, 1.4299999999999999], "17": [0.58999999999999997, 0.76000000000000001], "18": [0.01, 1.1899999999999999], "19": [2.3100000000000001, 1.4000000000000001], "20": [1.8300000000000001, 1.27], "21": [2.1000000000000001, 0.97999999999999998], "22": [1.46, 1.24], "23": [1.05, 1.0900000000000001], "24": [1.8700000000000001, 1.04], "25": [2.0499999999999998, 0.84999999999999998], "26": [2.5100000000000002, 0.94000000000000006], "27": [1.5900000000000001, 1.23], "28": [1.0900000000000001, 0.82000000000000006], "29": [1.5800000000000001, 0.95999999999999996], "30": [1.73, 1.02], "31": [1.47, 0.85999999999999999], "32": [0.88, 0.79000000000000004], "33": [0.55000000000000004, 0.55000000000000004], "34": [0.11, 0.70999999999999996], "35": [0.98999999999999999, 0.71999999999999997], "36": [2.21, 0.53000000000000003], "37": [1.76, 0.82000000000000006], "38": [1.6000000000000001, 0.65000000000000002], "39": [2.4500000000000002, 0.57000000000000006], "40": [1.6000000000000001, 0.52000000000000002], "41": [1.1000000000000001, 0.47000000000000003], "42": [1.9100000000000001, 0.32000000000000001], "43": [0.78000000000000003, 0.51000000000000001], "44": [0.97999999999999998, 0.41000000000000003], "45": [0.65000000000000002, 0.47999999999999998], "46": [0.25, 0.46000000000000002], "47": [0.11, 0.44], "48": [1.6200000000000001, 0.28999999999999998], "49": [2.1099999999999999, 0.040000000000000001], "50": [0.60999999999999999, 0.29999999999999999], "51": [0.93000000000000005, 0.23999999999999999], "52": [0.34000000000000002, 0.29999999999999999], "53": [0.72999999999999998, 0.22], "54": [1.5600000000000001, 0.02], "55": [0.28000000000000003, 0.17999999999999999], "56": [1.03, 0.02], "57": [0.73999999999999999, 0.0]}, "edgeDict": {"0": {"isShortCut": false, "internal": true, "external": false, "end": 1, "onBoundary": false, "fake": false, "isRoad": false, "isConstraint": false, "start": 0, "isPOI": false}, "1": {"isShortCut": false, "internal": true, "external": false, "end": 3, "onBoundary": false, "fake": false, "isRoad": false, "isConstraint": false, "start": 2, "isPOI": false}, "2": {"isShortCut": false, "internal": true, "external": false, "end": 2, "onBoundary": false, "fake": false, "isRoad": false, "isConstraint": false, "start": 4, "isPOI": false}, "3": {"isShortCut": false, "internal": true, "external": false, "end": 2, "onBoundary": false, "fake": false, "isRoad": false, "isConstraint": false, "start": 5, "isPOI": false}, "4": {"isShortCut": false, "internal": true, "external": false, "end": 6, "onBoundary": false, "fake": false, "isRoad": false, "isConstraint": false, "start": 5, "isPOI": false}, "5": {"isShortCut": false, "internal": true, "external": false, "end": 7, "onBoundary": false, "fake": false, "isRoad": false, "isConstraint": false, "start": 4, "isPOI": false}, "6": {"isShortCut": false, "internal": true, "external": false, "end": 8, "onBoundary": false, "fake": false, "isRoad": false, "isConstraint": false, "start": 4, "isPOI": false}, "7": {"isShortCut": false, "internal": true, "external": false, "end": 9, "onBoundary": false, "fake": false, "isRoad": false, "isConstraint": false, "start": 6, "isPOI": false}, "8": {"isShortCut": false, "internal": true, "external": false, "end": 6, "onBoundary": false, "fake": false, "isRoad": false, "isConstraint": false, "start": 10, "isPOI": false}, "9": {"isShortCut": false, "internal": true, "external": false, "end": 6, "onBoundary": false, "fake": false, "isRoad": false, "isConstraint": false, "start": 7, "isPOI": false}, "10": {"isShortCut": false, "internal": true, "external": false, "end": 11, "onBoundary": false, "fake": false, "isRoad": false, "isConstraint": false, "start": 9, "isPOI": false}, "11": {"isShortCut": false, "internal": true, "external": false, "end": 9, "onBoundary": false, "fake": false, "isRoad": false, "isConstraint": false, "start": 12, "isPOI": false}, "12": {"isShortCut": false, "internal": true, "external": false, "end": 13, "onBoundary": false, "fake": false, "isRoad": false, "isConstraint": false, "start": 9, "isPOI": false}, "13": {"isShortCut": false, "internal": true, "external": false, "end": 14, "onBoundary": false, "fake": false, "isRoad": false, "isConstraint": false, "start": 13, "isPOI": false}, "14": {"isShortCut": false, "internal": true, "external": false, "end": 12, "onBoundary": false, "fake": false, "isRoad": false, "isConstraint": false, "start": 10, "isPOI": false}, "15": {"isShortCut": false, "internal": true, "external": false, "end": 15, "onBoundary": false, "fake": false, "isRoad": false, "isConstraint": false, "start": 12, "isPOI": false}, "16": {"isShortCut": false, "internal": true, "external": false, "end": 13, "onBoundary": false, "fake": false, "isRoad": false, "isConstraint": false, "start": 15, "isPOI": false}, "17": {"isShortCut": false, "internal": true, "external": false, "end": 13, "onBoundary": false, "fake": false, "isRoad": false, "isConstraint": false, "start": 16, "isPOI": false}, "18": {"isShortCut": false, "internal": true, "external": false, "end": 15, "onBoundary": false, "fake": false, "isRoad": false, "isConstraint": false, "start": 17, "isPOI": false}, "19": {"isShortCut": false, "internal": true, "external": false, "end": 15, "onBoundary": false, "fake": false, "isRoad": false, "isConstraint": false, "start": 18, "isPOI": false}, "20": {"isShortCut": false, "internal": true, "external": false, "end": 8, "onBoundary": false, "fake": false, "isRoad": false, "isConstraint": false, "start": 0, "isPOI": false}, "21": {"isShortCut": false, "internal": true, "external": false, "end": 0, "onBoundary": false, "fake": false, "isRoad": false, "isConstraint": false, "start": 19, "isPOI": false}, "22": {"isShortCut": false, "internal": true, "external": false, "end": 20, "onBoundary": false, "fake": false, "isRoad": false, "isConstraint": false, "start": 8, "isPOI": false}, "23": {"isShortCut": false, "internal": true, "external": false, "end": 21, "onBoundary": false, "fake": false, "isRoad": false, "isConstraint": false, "start": 19, "isPOI": false}, "24": {"isShortCut": false, "internal": true, "external": false, "end": 7, "onBoundary": false, "fake": false, "isRoad": false, "isConstraint": false, "start": 22, "isPOI": false}, "25": {"isShortCut": false, "internal": true, "external": false, "end": 10, "onBoundary": false, "fake": false, "isRoad": false, "isConstraint": false, "start": 23, "isPOI": false}, "26": {"isShortCut": false, "internal": true, "external": false, "end": 24, "onBoundary": false, "fake": false, "isRoad": false, "isConstraint": false, "start": 21, "isPOI": false}, "27": {"isShortCut": false, "internal": true, "external": false, "end": 25, "onBoundary": false,