{"parcelEdgeIDs": [[0, 2, 5, 66], [0, 65, 7, 3, 1], [1, 4, 46, 6, 2], [3, 10, 15, 64, 4], [5, 6, 8, 68], [7, 67, 11, 12, 9], [8, 37, 35, 69], [9, 13, 16, 10], [11, 70, 17, 18], [12, 18, 21, 14], [13, 14, 23, 30, 19], [15, 16, 20, 54, 45, 43], [17, 71, 24], [19, 32, 34, 20], [21, 24, 72, 25, 22], [22, 27, 29, 77, 31, 23], [25, 73, 26], [26, 74, 28, 27], [28, 75, 29], [30, 31, 76, 47, 33, 32], [33, 48, 53, 54, 34], [35, 36, 39, 38, 78], [36, 37, 46, 64, 43, 42], [38, 40, 62, 41, 79], [39, 42, 44, 63, 40], [41, 60, 52, 51, 58, 80], [44, 45, 53, 50, 52, 61], [47, 81, 49, 55, 51, 50, 48], [49, 82, 57, 56], [55, 56, 59, 84, 58], [57, 83, 59], [60, 62, 63, 61]], "ptCoordDict": {"0": [1.46, 0.35000000000000003], "1": [1.3, 0.32000000000000001], "2": [1.28, 0.37], "3": [1.3, 0.27000000000000002], "4": [1.22, 0.48999999999999999], "5": [1.04, 0.40000000000000002], "6": [1.3200000000000001, 0.13], "7": [1.0600000000000001, 0.28000000000000003], "8": [1.47, 0.48999999999999999], "9": [1.1100000000000001, 0.10000000000000001], "10": [1.21, 0.62], "11": [0.97999999999999998, 0.5], "12": [1.48, 0.63], "13": [1.3500000000000001, 0.63], "14": [0.87, 0.64000000000000001], "15": [1.1899999999999999, 0.82000000000000006], "16": [1.01, 0.44], "17": [1.3, 0.81000000000000005], "18": [1.5, 0.79000000000000004], "19": [0.77000000000000002, 0.75], "20": [0.73999999999999999, 0.5], "21": [1.1500000000000001, 1.01], "22": [0.81000000000000005, 0.83999999999999997], "23": [1.3900000000000001, 1.1699999999999999], "24": [1.3, 1.21], "25": [1.1799999999999999, 1.27], "26": [1.03, 1.04], "27": [1.0700000000000001, 1.29], "28": [0.88, 1.0600000000000001], "29": [0.81000000000000005, 0.91000000000000003], "30": [0.68000000000000005, 0.76000000000000001], "31": [0.44, 0.77000000000000002], "32": [0.96999999999999997, 0.050000000000000003], "33": [0.91000000000000003, 0.28000000000000003], "34": [0.76000000000000001, 0.27000000000000002], "35": [0.79000000000000004, 0.14999999999999999], "36": [0.81000000000000005, 0.02], "37": [0.67000000000000004, 0.14000000000000001], "38": [0.45000000000000001, 0.029999999999999999], "39": [0.48999999999999999, 0.12], "40": [0.71999999999999997, 0.40000000000000002], "41": [0.66000000000000003, 0.39000000000000001], "42": [0.68000000000000005, 0.5], "43": [0.40000000000000002, 0.94000000000000006], "44": [0.57000000000000006, 0.47999999999999998], "45": [0.02, 0.35000000000000003], "46": [0.17999999999999999, 0.39000000000000001], "47": [0.45000000000000001, 0.45000000000000001], "48": [0.33000000000000002, 0.42999999999999999], "49": [0.47000000000000003, 0.28999999999999998], "50": [0.17999999999999999, 0.14999999999999999], "51": [0.0, 0.14000000000000001], "52": [0.32000000000000001, 0.040000000000000001], "53": [0.17999999999999999, 0.0]}, "edgeDict": {"0": {"isShortCut": false, "internal": true, "external": false, "end": 1, "onBoundary": false, "fake": false, "isRoad": false, "isConstraint": false, "start": 0, "isPOI": false}, "1": {"isShortCut": false, "internal": true, "external": false, "end": 1, "onBoundary": false, "fake": false, "isRoad": false, "isConstraint": false, "start": 2, "isPOI": false}, "2": {"isShortCut": false, "internal": true, "external": false, "end": 3, "onBoundary": false, "fake": false, "isRoad": false, "isConstraint": false, "start": 1, "isPOI": false}, "3": {"isShortCut": false, "internal": true, "external": false, "end": 2, "onBoundary": false, "fake": false, "isRoad": false, "isConstraint": false, "start": 4, "isPOI": false}, "4": {"isShortCut": false, "internal": true, "external": false, "end": 5, "onBoundary": false, "fake": false, "isRoad": false, "isConstraint": false, "start": 2, "isPOI": false}, "5": {"isShortCut": false, "internal": true, "external": false, "end": 3, "onBoundary": false, "fake": false, "isRoad": false, "isConstraint": false, "start": 6, "isPOI": false}, "6": {"isShortCut": false, "internal": true, "external": false, "end": 7, "onBoundary": false, "fake": false, "isRoad": false, "isConstraint": false, "start": 3, "isPOI": false}, "7": {"isShortCut": false, "internal": true, "external": false, "end": 4, "onBoundary": false, "fake": false, "isRoad": false, "isConstraint": false, "start": 8, "isPOI": false}, "8": {"isShortCut": false, "internal": true, "external": false, "end": 9, "onBoundary": false, "fake": false, "isRoad": false, "isConstraint": false, "start": 7, "isPOI": false}, "9": {"isShortCut": false, "internal": true, "external": false, "end": 4, "onBoundary": false, "fake": false, "isRoad": false, "isConstraint": false, "start": 10, "isPOI": false}, "10": {"isShortCut": false, "internal": true, "external": false, "end": 11, "onBoundary": false, "fake": false, "isRoad": false, "isConstraint": false, "start": 4, "isPOI": false}, "11": {"isShortCut": false, "internal": true, "external": false, "end": 13, "onBoundary": false, "fake": false, "isRoad": false, "isConstraint": false, "start": 12, "isPOI": false}, "12": {"isShortCut": false, "internal": true, "external": false, "end": 13, "onBoundary": false, "fake": false, "isRoad": false, "isConstraint": false, "start": 10, "isPOI": false}, "13": {"isShortCut": false, "internal": true, "external": false, "end": 10, "onBoundary": false, "fake": false, "isRoad": false, "isConstraint": false, "start": 14, "isPOI": false}, "14": {"isShortCut": false, "internal": true, "external": false, "end": 10, "onBoundary": false, "fake": false, "isRoad": false, "isConstraint": false, "start": 15, "isPOI": false}, "15": {"isShortCut": false, "internal": true, "external": false, "end": 11, "onBoundary": false, "fake": false, "isRoad": false, "isConstraint": false, "start": 16, "isPOI": false}, "16": {"isShortCut": false, "internal": true, "external": false, "end": 14, "onBoundary": false, "fake": false, "isRoad": false, "isConstraint": false, "start": 11, "isPOI": false}, "17": {"isShortCut": false, "internal": true, "external": false, "end": 18, "onBoundary": false, "fake": false, "isRoad": false, "isConstraint": false, "start": 17, "isPOI": false}, "18": {"isShortCut": false, "internal": true, "external": false, "end": 17, "onBoundary": false, "fake": false, "isRoad": false, "isConstraint": false, "start": 13, "isPOI": false}, "19": {"isShortCut": false, "internal": true, "external": false, "end": 14, "onBoundary": false, "fake": false, "isRoad": false, "isConstraint": false, "start": 19, "isPOI": false}, "20": {"isShortCut": false, "internal": true, "external": false, "end": 14, "onBoundary": false, "fake": false, "isRoad": false, "isConstraint": false, "start": 20, "isPOI": false}, "21": {"isShortCut": false, "internal": true, "external": false, "end": 17, "onBoundary": false, "fake": false, "isRoad": false, "isConstraint": false, "start": 15, "isPOI": false}, "22": {"isShortCut": false, "internal": true, "external": false, "end": 21, "onBoundary": false, "fake": false, "isRoad": false, "isConstraint": false, "start": 15, "isPOI": false}, "23": {"isShortCut": false, "internal": true, "external": false, "end": 22, "onBoundary": false, "fake": false, "isRoad": false, "isConstraint": false, "start": 15, "isPOI": false}, "24": {"isShortCut": false, "internal": true, "external": false, "end": 17, "onBoundary": false, "fake": false, "isRoad": false, "isConstraint": false, "start": 23, "isPOI": false}, "25": {"isShortCut": false, "internal": true, "external": false, "end": 21, "onBoundary": false, "fake": false, "isRoad": false, "isConstraint": false, "start": 24, "isPOI": false}, "26": {"isShortCut": false, "internal": true, "external": false, "end": 21, "onBoundary": false, "fake": false, "isRoad": false, "isConstraint": false, "start": 25, "isPOI": false}, "27": {"isShortCut": false, "internal": true, "external": false, "end": 26, "onBoundary": false, "fake": false, "isRoad": false, "isConstraint": false, "start": 21, "isPOI": false}, "28": {"isShortCut": false, "internal": true, "external": false, "end": 26, "onBoundary": false, "fake": false,